{"cameraMode":{"drawMode":0,"name":"Shaded","section":"Shading Mode"},"sceneLighting":true,"audioPlay":false,"sceneViewState":{"showFog":true,"showMaterialUpdate":false,"showSkybox":true,"showFlares":true,"showImageEffects":true,"showParticleSystems":true,"showVisualEffectGraphs":true,"m_FxEnabled":true},"in2DMode":false,"pivot":{"x":38.27873611450195,"y":1.571627140045166,"z":12.641990661621094},"rotation":{"x":-0.015908649191260339,"y":0.005696491338312626,"z":-0.00009127014345722273,"w":-0.9998589754104614},"size":4.2717156410217289,"orthographic":false}